--Departments
INSERT INTO DEPARTMENTS VALUES (120490, 5, 'Cardiology', 10, 544932.00);
INSERT INTO DEPARTMENTS VALUES (120492, 5, 'Neurology', 16, 345223.00);
INSERT INTO DEPARTMENTS VALUES (120494, 5, 'Emergency', 19, 425635.00);
INSERT INTO DEPARTMENTS VALUES (120496, 5, 'ICU', 21, 549293.00);
INSERT INTO DEPARTMENTS VALUES (120498, 5, 'Oncology', 7, 348478.00);

--Employees
INSERT INTO EMPLOYEES VALUES ('Jack', 'C', 'Garcia', 'Doctor', '711 Nulla St Mankato Mississippi 96522', 300000, 42916008, 120498);
INSERT INTO EMPLOYEES VALUES ('Amy', 'D', 'Randy', 'Nurse', '606 Ullamcorper. Street Roseville NH 11523', 110000, 42916038, 120496);
INSERT INTO EMPLOYEES VALUES ('Susan', 'N', 'Lee', 'Doctor', '859 Sit Rd. Azusa New York 39531', 300000, 42916308, 120494);
INSERT INTO EMPLOYEES VALUES ('Jonny', 'R', 'Stan', 'Pharmacist', '7292 Dictum Av. San Antonio MI 47096', 200000, 42943508, 120492);
INSERT INTO EMPLOYEES VALUES ('Dan', 'E', 'Van', 'Receptionist', '5762 At Rd. Chelsea MI 67708', 80000, 42294608, 120490);

--Schedules
INSERT INTO SCHEDULES VALUES(1426, '8:00:00', '17:00:00', 42916008, '2021-11-01');
INSERT INTO SCHEDULES VALUES(2197, '9:00:00', '18:00:00', 42916038, '2021-11-03');
INSERT INTO SCHEDULES VALUES(1093, '9:00:00', '15:00:00', 42916008, '2021-11-05');
INSERT INTO SCHEDULES VALUES(4093, '6:00:00', '16:00:00', 42916008, '2021-11-07');
INSERT INTO SCHEDULES VALUES(1001, '9:30:00', '20:00:00', 42916008, '2021-11-10');

--Resources
INSERT INTO HOSPITAL_RESOURCES VALUES("Scrubs","Patient", 200, 120490);
INSERT INTO HOSPITAL_RESOURCES VALUES("Computer","Office", 10, 120490);
INSERT INTO HOSPITAL_RESOURCES VALUES("Cardiac Monitor","Equipment", 200, 120492);
INSERT INTO HOSPITAL_RESOURCES VALUES("Defibrillator","Equipment", 20, 120490);
INSERT INTO HOSPITAL_RESOURCES VALUES("Amlodipine","Prescriptions", 10, 120490);
INSERT INTO HOSPITAL_RESOURCES VALUES("Office chair","Office Supplies", 15, 120490);
INSERT INTO HOSPITAL_RESOURCES VALUES("Print Paper","Office Supplies", 200, 120494);
INSERT INTO HOSPITAL_RESOURCES VALUES("Printer","Office Supplies", 3, 120490);
INSERT INTO HOSPITAL_RESOURCES VALUES("MRI Machine","Equipment", 1, 120490);
INSERT INTO HOSPITAL_RESOURCES VALUES("Trinocular Microscope","Equipment", 2, 120496);
INSERT INTO HOSPITAL_RESOURCES VALUES("Medical Tablet","Equipment", 11, 120490);
INSERT INTO HOSPITAL_RESOURCES VALUES("Metoprolol","Prescriptions", 200, 120498);
INSERT INTO HOSPITAL_RESOURCES VALUES("Lisinopril","Prescriptions", 200, 120490);
INSERT INTO HOSPITAL_RESOURCES VALUES("Omeprazole","Prescriptions", 200, 120492);
INSERT INTO HOSPITAL_RESOURCES VALUES("Simvastatin","Prescriptions", 200, 120490);
INSERT INTO HOSPITAL_RESOURCES VALUES("Stretcher","Patient Supplies", 2, 120496);
INSERT INTO HOSPITAL_RESOURCES VALUES("Stretcher","Patient Supplies", 2, 120494);
INSERT INTO HOSPITAL_RESOURCES VALUES("Stretcher","Patient Supplies", 2, 120492);

--Patients
INSERT INTO PATIENTS VALUES ('John', 'B', 'Smith', 429166008, 45098, '1924-01-17', '2508 Dolor. Av. Muskegon KY 12482', 'United Health', 394860);
INSERT INTO PATIENTS VALUES ('Samantha', 'G', 'Williams', 429166023, 45100, '1980-11-10', '383 Suspendisse Av. Weirton IN 93479', 'Anthem Inc', 394861);
INSERT INTO PATIENTS VALUES ('Tracy', '', 'Garcia', 429166056, 45102, '1999-01-30', '4189 Nunc Road Lebanon KY 69409', 'United Health', 394862);
INSERT INTO PATIENTS VALUES ('Tommy', '', 'Pickles', 429166073, 45104, '2020-07-01', '103 Integer Rd. Corona New Mexico 08219', 'CIGNA', 394863);
INSERT INTO PATIENTS VALUES ('Susan', 'A', 'Lee', 429166092, 45106, '2004-05-27', '8679 Sodales Av. Tamuning PA 10855', 'Blue Cross Blue Shield', 394864);

--Cases
INSERT INTO CASES VALUES(38429, 21, 42916008, 'Atorvastatin', 45098, '2021-11-01', '2021-11-02');
INSERT INTO CASES VALUES(38430, 22, 42916308, 'Omeprazole', 45100, '2021-11-02', '2021-11-07');
INSERT INTO CASES VALUES(38431, 23, 42916008, 'Albuterol', 45102, '2021-11-04', '2021-11-10');
INSERT INTO CASES VALUES(38432, 24, 42916308, 'Amlodipine', 45104, '2021-11-06', '2021-11-10');
INSERT INTO CASES VALUES(38433, 25, 42916308, 'Metformin', 45106, '2021-11-11', '2021-11-23');

--Employee ID handles case #
INSERT INTO HANDLES (SELECT 42916008, 38429);
INSERT INTO HANDLES (SELECT 42916038, 38430);
INSERT INTO HANDLES (SELECT 42916308, 38431);
INSERT INTO HANDLES (SELECT 42943508, 38432);
INSERT INTO HANDLES (SELECT 42294608, 38433);
INSERT INTO HANDLES (SELECT 42916308, 38430);

--Patient (ID) is housed under Department (ID) and assigned Case #
INSERT INTO HOUSED_UNDER VALUES (45098, 120490, 38429);
INSERT INTO HOUSED_UNDER VALUES (45100, 120492, 38429);
INSERT INTO HOUSED_UNDER VALUES (45102, 120494, 38429);
INSERT INTO HOUSED_UNDER VALUES (45104, 120496, 38429);
INSERT INTO HOUSED_UNDER VALUES (45106, 120498, 38429);